City,ID,Country,Region,Remapped Category,Title - value,Establishment,Description,Address,Source_ID,Coordinates,Google_place_id
Athens,A0020,Greece,Southern Europe,Attraction,Acropolis rooftop cinema experience,Cine Paris,Outdoor rooftop cinema with a direct view of the Acropolis; reopens May.,Kidathineon 22 105 58 Athina[7],,,"=AI(""find the google_place_id of Cine Paris, Athens."")"
Dakar,A0084,Senegal,Emerging & Eastern,Hotel,Relax in Dakar's cool design.,Boma Lifestyle Hotel,Cool,design-centric hotel with a pool scene in N'Gor.,Route de l'Aéroport N'Gor Dakar[19],,ChIJq55mJt9WVkYRW17rYl5YhBw
Barcelona,A0031,Spain,Southern Europe,Visits,Best 360-degree sunset views,Bunkers del Carmel,Former anti-aircraft battery offering the best 360-degree sunset views.,Carrer de la Gran Vista 20 08032 Barcelona,,"41.41379 N, 2.16431 E",
Istanbul,A0122,Turkey,Emerging & Eastern,Hotel,Stay in historic French school.,Ecole St. Pierre Hotel,Boutique stay in a historic 19th-century French school in Galata.,Galata Kulesi Sk. No:14 34420 Beyoğlu/İstanbul[18],,,ChIJq55mJt9WVkYRW17rYl5YhBw
Istanbul,A0123,Turkey,Emerging & Eastern,Restaurants,Modern Anatolian fine dining,Seraf Vadi,Refined Anatolian cuisine in a modern setting.,Vadi Istanbul,[24],,
Rome,A0273,Italy,Southern Europe,Hotel,Bulgari Rome 2025 opening.,Bulgari Hotel Roma,New 2024/2025 opening in Campo Marzio; sheer Italian excess and design.,Piazza Augusto Imperatore 10 00186 Roma,,"41.90799 N, 12.47702 E",ChIJX92-J9BvGxMRR2QxQ_n8Y5c
Rome,A0274,Italy,Southern Europe,Hotel,Six Senses Rome,Six Senses Rome,Urban wellness sanctuary in a restored palazzo; opened recently.,Piazza di S. Marcello 00187 Roma,,,ChIJC25P6-J3GxMRA_F9u3A3U44
Rome,A0279,Italy,Southern Europe,Activity,Explore ancient Roman villa ruins.,Appia Antica / Quintili’s Villa,Ancient ruins away from the crowds.,Via Appia Nuova 1092 00178 Roma,[10],,
Stockholm,A0280,Sweden,Central Europe,Museum,"See future photo exhibit, dine late.",Fotografiska,2025 headliner 'Nature/Future'; open late with an award-winning restaurant.,Stadsgårdshamnen 22 116 45 Stockholm,,,
Edinburgh,A0109,UK,Western Europe,Hotel,Check in at unique hotel,100 Princes Street,Ultra-exclusive townhouse inspired by Alexander McQueen; opened 2025.,100 Princes St Edinburgh EH2 3AB,,,ChIJq5rM39TBUkYRDlCj_j051I8
Berlin,A0045,Germany,Central Europe,Visits,Cycle Tempelhofer Feld runways.,Tempelhofer Feld,Walk or cycle on the runways of the abandoned airport.,Tempelhofer Damm 12101 Berlin,,,Generating the value from the AI function is not supported. Please use the Gemini side panel instead.
New York City,A0228,USA,Americas,Attraction,QC NY Spa,QC NY Spa,Spa on Governors Island with heated outdoor pools facing the skyline.,Governors Island NY 10004[12],,,ChIJxY2Dk9ZhwokR12iE9G0-2l0
New York City,A0229,USA,Americas,Attraction,Sleep No More,Sleep No More,The original immersive theatre experience; catch it before it closes (extended).,530 W 27th St NY 10001,,,ChIJL_c15fVXwokRLF35F1lR8oI
London,A0146,UK,Western Europe,Pub,The Devonshire,The Devonshire,Soho pub famous for Guinness and wood-fired dining.,17 Denman St London W1D 7HW,[2],,ChIJ9e5tFv8adkgR6YqN8Wc3tS4
London,A0147,UK,Western Europe,Restaurants,Zephyr,Zephyr,Buzzy Greek spot in Notting Hill with a downstairs bar.,100 Portobello Rd London W11 2QD,[2],,
Prague,A0265,Czech Republic,Central Europe,Restaurants,Dine at industrial-chic Eatery.,The Eatery,Industrial-chic dining with open kitchen.,U Uranie 18 170 00 Praha 7,[17],,ChIJEb8Ld0cEc0YRl7d8I6f0b4o
Prague,A0266,Czech Republic,Central Europe,Restaurants,Pilsner Urquell immersive tour,Lokál Dlouhááá,Classic beer hall with tank Pilsner.,Dlouhá 33 110 00 Staré Město,[17],"50.08986 N, 14.42398 E",
Marrakech,A0170,Morocco,Emerging & Eastern,Attraction,Desert sunset dinner and show,Agafay Desert Dinner,Sunset dining in the stone desert; luxury camps like Inara Camp.,Agafay Desert Marrakech,,"31.4111 N, 7.9547 W",ChIJL2_3j5wcrw0RE6J5wI7S6I4
Moscow,A0219,Russia,Emerging & Eastern,Hotel,Design hotel stay in Moscow,Richter Hotel,Design hotel in a 19th-century mansion; features a library and print shop.,Pyatnitskaya St 42 119017 Moscow[20],,,ChIJq55WjNFWlEYR1v73sQ5tY5w
Amsterdam,A0015,Netherlands,Western Europe,Restaurants,Dine at French Bistrot Neuf.,Neuf,Rebranded classic in Jordaan offering modern French menus.,Haarlemmerstraat 9 1013 EH Amsterdam,[3][4],"52.37877 N, 4.88725 E","=AI(""find the google_place_id of Neuf, Amsterdam."")"
Berlin,A0051,Germany,Central Europe,Restaurants,Dine at Two-Star Tim Raue,Tim Raue,Asian-inspired fine dining (Two Michelin Stars).,Rudi-Dutschke-Straße 26 10969 Berlin,[16][6],,ChIJUYyVvSReUEYRCXmH9tK-o8Y
Berlin,A0050,Germany,Central Europe,Restaurants,Dine in a former prison,Lovis,Contemporary cuisine in a former prison.,Pannierstraße 24 12047 Berlin,[16][6],"52.50239 N, 13.43577 E",
Istanbul,A0125,Turkey,Emerging & Eastern,Restaurants,Dining at Michelin-star Arkestra,Arkestra,Michelin-starred restaurant in a 1960s villa.,Dilhayat Sk. No:28 Etiler 34337,[24],,ChIJq55mJt9WVkYRW17rYl5YhBw
Barcelona,A0037,Spain,Southern Europe,Restaurants,Dinner at Berbena in Gràcia.,Berbena,Seasonal Mediterranean dining in Gràcia.,C/ de Minerva 6 08006 Barcelona,[10],,ChIJ9e5-9WbJxkcR53x5Q8D7u-I
Athens,A0025,Greece,Southern Europe,Restaurants,"Dinner, wine, and vinyl in Athens",Pharaoh,Wood-fired cooking and jazz in Exarchia.,Solomou 54 10682 Athens,[13],"37.98972 N, 23.73361 E",
Athens,A0021,Greece,Southern Europe,Attraction,Drink an 'Aegean Negroni' at The Clumsies.,The Clumsies,Consistently voted top 5 bars globally; famous for 'Aegean Negroni'.,Praxitelous 30 105 61 Athina[8],,,ChIJ95Y9iGjXxkcRNx11778C2pE
Amsterdam,A0010,Netherlands,Western Europe,Restaurants,Share Mediterranean-Turkish plates at Esra.,Roef,Small bites and sharing plates like Asian oysters and Tomapork.,Middenweg 35 1098 AB Amsterdam,[3][4],,ChIJ9318qNnOyEcR8P24k6mK7hM
Amsterdam,A0011,Netherlands,Western Europe,Restaurants,Eat authentic hand-pulled noodles.,Jinweide,Authentic hand-pulled noodles with open kitchen.,Hobbemakade 63 1071 XL Amsterdam,[5][4],,Generating formulas is not supported. Please use the Gemini side panel instead.
Paris,A0251,France,Western Europe,Experience,Experience Minimalist Japanese Tea Salon.,Ogata,Minimalist Japanese tea salon restaurant and boutique.,16 Rue Debelleyme 75003 Paris,[1],"48.8582 N, 2.3387 E",ChIJq5r3c1135kcR9_7qL2o2s10
Amsterdam,A0012,Netherlands,Western Europe,Restaurants,Eat authentic Chongqing hotpot,Peijie Hotpot,Authentic Chongqing hotpot with beef tallow broth.,Zeedijk 57 1012 AS Amsterdam,[3][4],"52.37500 N, 4.89670 E",Generating formulas is not supported. Please use the Gemini side panel instead.
Dublin,A0100,Ireland,Western Europe,Restaurants,Seasonal open-fire dining.,Variety Jones,Open fire cooking with seasonal produce.,78 Thomas St Dublin 8,[6][7],,
Dublin,A0101,Ireland,Western Europe,Restaurants,Tapas and Mains at Uno Mas,Uno Mas,Spanish-inspired tapas and creative mains.,6 Aungier St Dublin 2,[6][7],,
Edinburgh,A0108,UK,Western Europe,Hotel,360-degree rooftop views at W.,W Edinburgh,The 'Ribbon Hotel' opened late 2024; futuristic design with 360-degree rooftop deck.,1 St James Square Edinburgh EH1 3AX,,,Generating formulas is not supported. Please use the Gemini side panel instead.
Barcelona,A0040,Spain,Southern Europe,Restaurants,High-end Izakaya Fusion Dinner.,Alapar,High-end Japanese-Mediterranean fusion izakaya.,C/ de Lleida 5 08004 Barcelona,[10],,ChIJq-D7F2-ayUwRW2q_5f-rJ70
Barcelona,A0036,Spain,Southern Europe,Hotel,Rooftop BBQ and local vibes,Casa Bonay,Restored 19th-century mansion with a local-first vibe and rooftop BBQ.,Gran Via de les Corts Catalanes 700 08010 Barcelona,,,ChIJA2Y0-x7JxkcRxXQ2O8K1k6o
Moscow,A0217,Russia,Emerging & Eastern,Attraction,Experience historic Russian steam baths,Sanduny Banya,The oldest and most famous bathhouse; opulent 19th-century interiors.,Neglinnaya St 14 107031 Moscow[20],,,ChIJq556_8xWVkYRS17rYl5YhBw
Moscow,A0218,Russia,Emerging & Eastern,Attraction,Underground Metro Tour,Underground Metro Tour,Explore the 'Palaces of the People'; Mayakovskaya and Komsomolskaya stations.,Moscow Metro[20],,,
Rome,A0278,Italy,Southern Europe,Restaurants,Da Enzo al 29,Da Enzo al 29,Classic trattoria in Trastevere.,Via dei Vascellari 29 00153 Roma,[10],,ChIJq55mJt9WVkYRW17rYl5YhBw
Montreal,A0210,Canada,Americas,Restaurants,Le Violon,Le Violon,Trendy spot by Danny Smiles in the Plateau.,Plateau Mont-Royal Montréal,[23],,
Montreal,A0211,Canada,Americas,Restaurants,Breakfast at Olive et Gourmando.,Olive et Gourmando,Famous bakery and breakfast spot in Old Montreal.,351 Rue Saint-Paul O Montréal QC H2Y 2A7,[23],"45.5032° N, 73.5562° W",ChIJL2JvUu0ayUwRLFh7u104L1Y
Berlin,A0044,Germany,Central Europe,Visits,Explore abandoned NSA spy station,Teufelsberg,Abandoned NSA spy station with graffiti galleries; guided tours available.,Teufelsseechaussee 10 14193 Berlin,,,
Budapest,A0064,Hungary,Central Europe,Nightlife,Explore Central Park,Szimpla Kert,The original and most famous ruin bar.,Kazinczy u. 14 1075 Budapest,,,
Dublin,A0090,Ireland,Western Europe,Museum,Explore Europe's best digital museum,EPIC The Irish Emigration Museum,Interactive digital museum voted Europe's best; updated genealogy center.,The Chq Building Custom House Quay Dublin 1,,,ChIJ9z6M7B-2oRMR8P93sWjI_6s
Berlin,A0042,Germany,Central Europe,Museum,Explore Fotografiska Photography Museum Berlin,Fotografiska Berlin,New outpost of the photography museum in Tacheles; opened late 2024.,Oranienburger Str. 54 10117 Berlin,,,ChIJA2c53bFUqEcR_Q7M0_vO-gU
Madrid,A0158,Spain,Southern Europe,Attraction,Explore immersive art installations,Ikono,Immersive art experience designed for sensory engagement and photography.,C. de Sánchez Bustillo 7 28012 Madrid[3],,,ChIJL047H90qQg0R5-Q3c89E-9k
Budapest,A0056,Hungary,Central Europe,Museum,Explore immersive light art museum,Light Art Museum (LAM),New immersive space in a heritage market hall; digital art installations.,Hold u. 13 1054 Budapest[10],,,
London,A0139,UK,Western Europe,Museum,See Expressionists at Tate Modern.,Tate Modern,Presenting 'Expressionists' – a landmark show on the Blue Rider group.,Bankside London SE1 9TG,,"51.5076 N, 0.0993 W",ChIJq3L9y_4EdkgR_d93l9T2X0Y
London,A0140,UK,Western Europe,Visits,Sky Garden,Sky Garden,Free panoramic views; book the sunrise yoga sessions for a unique perspective.,1 Sky Garden Walk London EC3M 8AF,,"51.51351 N, 0.08332 W",ChIJxY2lE0cZdkgR6F0tY6J2Hq0
Dakar,A0078,Senegal,Emerging & Eastern,Museum,Explore massive pan-African museum,Museum of Black Civilisations,Massive pan-African museum; '2025 Return of Artifacts' exhibition.,Autoroute prolongée Dakar[19],,"14.6757° N, 17.4320° W",ChIJq55mJt9WVkYRW17rYl5YhBw
Budapest,A0055,Hungary,Central Europe,Museum,Explore music and sound dome.,House of Music Hungary,Award-winning architecture in City Park; interactive sound exhibitions 2025.,Olof Palme stny. 3 1146 Budapest[10],,,ChIJq55mJt9WVkYRW17rYl5YhBw
Amsterdam,A0003,Netherlands,Western Europe,Visits,Explore NDSM street art village,NDSM Wharf,Explore the street art museum and shipping container village via free ferry.,NDSM-Plein 28 1033 WB Amsterdam,,"52.40176 N, 4.89029 E",Generating formulas is not supported. Please use the Gemini side panel instead.
Madrid,A0155,Spain,Southern Europe,Museum,Explore Spanish art museum,Reina Sofia,2025 Special Exhibition on 'Art in the Age of Jazz' featuring 1920s avant-garde.,C. de Santa Isabel 52 28012 Madrid,,,
Madrid,A0156,Spain,Southern Europe,Visits,Explore Spanish art museum,Temple of Debod,Ancient Egyptian temple gifted to Spain; stunning at sunset.,C. de Ferraz 1 28008 Madrid[3],,,ChIJL015uVFUUEYROK70z9T6f0U
Stockholm,A0283,Sweden,Central Europe,Visits,Explore Stockholm Subway Art,Skinnarviksberget,The highest natural point in central Stockholm; perfect for picnics.,Södermalm Stockholm,,,ChIJ9e80e-i9oRMRbLdJq9i8uD8
Dublin,A0094,Ireland,Western Europe,Attraction,Explore the area.,The Blind Pig,Underground speakeasy experience; access via a secret vending machine door.,18 Suffolk St Dublin 2,,,
Marrakech,A0169,Morocco,Emerging & Eastern,Attraction,Explore the industrial zone.,Sidi Ghanem,The industrial zone turned design district; visit LRNCE studio.,Quartier Industriel Sidi Ghanem 40000 Marrakech,,,ChIJTz5L0N_mqg0R7bF1D4rJ7jU
Dublin,A0091,Ireland,Western Europe,Visits,Explore the Iveagh Gardens maze,Iveagh Gardens,The 'Secret Garden' of Dublin; explore the maze and rosette fountain.,Clonmel St Saint Kevin's Dublin 2,,,
Lisbon,A0130,Portugal,Southern Europe,Visits,Explore the LX Factory complex,LX Factory,Industrial complex turned creative hub; street art and concept stores.,R. Rodrigues de Faria 103 1300-501 Lisboa,,,ChIJ9e80e-i9oRMRbLdJq9i8uD8
Marrakech,A0168,Morocco,Emerging & Eastern,Visits,Explore the main Marrakech souk,Souk Semmarine,The main artery of the souks; navigate the chaos for leather and lamps.,Souk Semmarine Medina 40000 Marrakech,,,ChIJq52oWqOprw0Rz7K-Y53vH4U
Moscow,A0216,Russia,Emerging & Eastern,Visits,Explore VDNKh Soviet Exhibition Park,VDNKh,Soviet-era exhibition center; renting bikes to see the grand pavilions.,Prospekt Mira 119 129223 Moscow[20],,,
Barcelona,A0034,Spain,Southern Europe,Attraction,Find world's best bar,Paradiso,Speakeasy hidden behind a fridge door; consistently voted world's best bar.,Carrer de Rera Palau 4 08003 Barcelona,,"41.38318 N, 2.18567 E",
Berlin,A0046,Germany,Central Europe,Attraction,Float in the Liquidrom's thermal pool,Liquidrom,Minimalist spa with underwater techno music in a saltwater pool.,Möckernstraße 10 10963 Berlin,,"52.50278 N, 13.38500 E",
Montreal,A0206,Canada,Americas,Attraction,Floating spa experience on water,Bota Bota,Floating spa on a converted ferry boat in the Old Port; silence policy.,Old Port of Montreal Montreal QC H2Y 2E2[16],,,ChIJq55mJt9WVkYRW17rYl5YhBw
Montreal,A0207,Canada,Americas,Hotel,Floating spa experience on water,Honeyrose Hotel,Art Deco-inspired luxury in the Quartier des Spectacles; opened 2024.,355 Maisonneuve Blvd W Montreal QC H3A 1L6,,,
Budapest,A0062,Hungary,Central Europe,Hotel,"Generating a new row based on the preceding context of Budapest, Hungary, Central Europe:
Discover Opulent Drechsler Palace",W Budapest,Opened recently in the Drechsler Palace opposite the Opera; bold design.,Andrássy út 25 1061 Budapest,,,ChIJ9e80e-i9oRMRbLdJq9i8uD8
New York City,A0232,USA,Americas,Restaurants,Glamour and celebrity spotting,Pitt's,Southern comfort food in Red Hook.,Red Hook Brooklyn,[20],,Generating formulas is not supported. Please use the Gemini side panel instead.
New York City,A0233,USA,Americas,Restaurants,Caribbean daiquiris and wine bar.,Kabawa,Caribbean tasting counter in East Village.,East Village NY,[20],,ChIJEb6Yy_xYwokR5w_T1jS8648
Milan,A0199,Italy,Southern Europe,Restaurants,Razdora,Razdora,Fresh pasta workshop and bottega.,Corso di Porta Vigentina 38 20122 Milano,[12],,
Milan,A0200,Italy,Southern Europe,Bar,Celeste,Celeste,Bar in Mercato Isola known for Bloody Marys.,Piazzale Lagosta 7 20159 Milano,[12],,
Madrid,A0159,Spain,Southern Europe,Attraction,Hidden club night experience.,Medias Puri,A clandestine club hidden beneath a haberdashery; theatrical nightlife.,Pl. de Tirso de Molina 1 28012 Madrid[3],,"40.4124 N, 3.7029 W - north or west",
Madrid,A0160,Spain,Southern Europe,Hotel,Swim in Madrid's biggest rooftop pool.,The Madrid EDITION,Minimalist luxury near Sol; features the city's biggest rooftop pool.,Pl. de Celenque 2 28013 Madrid,,"40.4182 N, 3.7052 W",ChIJC4-d1g4_Qg0Ro80Xf41f71A
Montreal,A0203,Canada,Americas,Visits,Hike Mount Royal Park,Mount Royal Chalet,Hike up for the best view of the skyline; Kondiaronk Belvedere.,1196 Voie Camillien-Houde Montreal QC H3H 1A1[16],,"45.50373 N, 73.58784 W",
Copenhagen,A0068,Denmark,Central Europe,Visits,Hike the CopenHill roof,CopenHill,Ski slope built on top of a waste-to-energy power plant; hike the roof.,Vindmøllevej 6 2300 København,,,Generating formulas is not supported. Please use the Gemini side panel instead.
Copenhagen,A0069,Denmark,Central Europe,Visits,Captain your own GoBoat Tour,GoBoat Canal Tour,Rent a solar-powered boat and captain it yourself through the canals.,Islands Brygge 10 2300 København,,,"=AI(""find the google_place_id of GoBoat Canal Tour, Copenhagen."")"
New York City,A0226,USA,Americas,Visits,Little Island,Little Island,Floating park on the Hudson; check 2025 schedule for amphitheater shows.,Pier 55 Hudson River Park NY 10014,,"40.74100 N, 74.00940 W","=AI(""find the google_place_id of Little Island, New York City."")"
Berlin,A0054,Germany,Central Europe,Restaurants,Burgermeister,Burgermeister,Iconic burger spot in a former public toilet.,Oberbaumstraße 8 10997 Berlin,[16][6],,Generating formulas is not supported. Please use the Gemini side panel instead.
Miami,A0176,USA,Americas,Museum,Rubell Museum,Rubell Museum,New 'Superblue' immersive art center adjacent; 2025 contemporary installations.,1100 NW 23rd St Miami FL 33127,,,ChIJL27qsLmw2YgRz5x9q6vF_6A
Miami,A0177,USA,Americas,Museum,Pérez Art Museum (PAMM),Pérez Art Museum (PAMM),2025 Latin American Modernism retrospective; waterfront sculpture garden.,1103 Biscayne Blvd Miami FL 33132,,,ChIJ9e80e-i9oRMRbLdJq9i8uD8
Madrid,A0161,Spain,Southern Europe,Hotel,Thompson Madrid,Thompson Madrid,Hyatt's new lifestyle brand debut; mid-century design and rooftop terrace.,Pl. del Carmen 28013 Madrid,,,ChIJL098MHJ_PA0R_m-tB-Q5v74
London,A0148,UK,Western Europe,Restaurants,Sune,Sune,Modern European small plates and wine in Dalston.,129A Pritchard’s Rd London E2 9AP,[2],,ChIJF9s5QeNydkgR64D7U-D9eJk
London,A0149,UK,Western Europe,Restaurants,Speedboat Bar,Speedboat Bar,Thai spot in Chinatown known for spicy flavors and late-night vibes.,30 Rupert St London W1D 6DL,[2],,ChIJL0vXQf8DdkgRXq3gC3Y6-X8
Moscow,A0213,Russia,Emerging & Eastern,Museum,I need the full Establishment and Description details for row 214 to generate the requested title.,Garage Museum,Contemporary art in Gorky Park; 2025 focus on Russian avant-garde.,Krymsky Val 9 32 119049 Moscow[20],,"55.72786 N, 37.60159 E",ChIJUW3p-n1uKkER7N1Lq99sQpE
Budapest,A0061,Hungary,Central Europe,Hotel,Information needed to describe activity is missing.,Matild Palace,Newly restored UNESCO site; luxury collection with Spago restaurant.,Váci u 36 1056 Budapest,,"47.49397 N, 19.05206 E",
Amsterdam,A0014,Netherlands,Western Europe,Wine Bar,Intimate wine room experience,Vermeers Wijnkamer,Intimate wine room attached to Restaurant Vermeer.,Prins Hendrikkade 59-72 1012 AD Amsterdam,[3][4],,
London,A0153,UK,Western Europe,Bakery,Kandinsky blockbuster at H'ART Museum,Dusty Knuckle Bakery,Cult bakery in Dalston known for sandwiches and sourdough.,Abbot St London E8 3DP,[2],,ChIJq55mJt9WVkYRW17rYl5YhBw
Athens,A0023,Greece,Southern Europe,Hotel,Luxury beachfront resort stay.,One&Only Aesthesis,Ultra-luxury beachfront resort on the Athenian Riviera; opened late 2024.,Leof. Poseidonos 110 166 74 Glyfada[6],,"37.8427 N, 23.7744 E","=AI(""find the google_place_id of One&Only Aesthesis, Athens."")"
Marrakech,A0173,Morocco,Emerging & Eastern,Restaurants,Luxury Riad Stay and Rooftop Views,+61,Modern Australian dining in Gueliz.,96 Rue Mohammed el Beqal Marrakech 40000,[25],"31.620 N, 8.030 W",
Istanbul,A0119,Turkey,Emerging & Eastern,Attraction,Luxury Turkish bath experience.,Kılıç Ali Paşa Hamam,Luxury 16th-century hamam restoration; best for first-timers.,Kemankeş Karamustafa Paşa Hamam Sk. No:1 34425 İstanbul[17],,,
Istanbul,A0120,Turkey,Emerging & Eastern,Attraction,Luxury Turkish bath experience.,Whirling Dervishes at Hodjapasha,Cultural performance in a converted 550-year-old bathhouse.,Hoca Paşa Ankara Cd. No:6 34110 Fatih/İstanbul[17],,,
Budapest,A0063,Hungary,Central Europe,Restaurants,Missing establishment or description data.,Mazel Tov,Upscale ruin bar with Israeli cuisine.,Akácfa u. 47 1072 Budapest,,"47.49845 N, 19.06649 E",
Paris,A0241,France,Western Europe,Attraction,Montmartre Village Visit,Dior Galerie,The immersive fashion museum with new 2025 scenography featuring 100 new dresses.,30 Av. Montaigne 75008 Paris,,,ChIJq7U9i7Pu3kcRY0r26wQf2hI
Athens,A0028,Greece,Southern Europe,Bar,Natural French-Greek wine bar.,Wine is Fine!,Natural wine bar with French-Greek influence.,Vissis 6 10551 Athens,[13],,ChIJ99p8G7DXxkcRY9h991873pU
Lisbon,A0133,Portugal,Southern Europe,Hotel,New 2025 Locke hotel stay,Locke de Santa Joana,New 2024 opening; convent converted into stylish aparthotel with pool.,R. de Santa Marta 45 1150-293 Lisboa,,"38.72397 N, 9.14187 W",ChIJ9e80e-i9oRMRbLdJq9i8uD8
Lisbon,A0134,Portugal,Southern Europe,Hotel,New 2025 Locke hotel stay,The Ivens,Explorer-themed luxury hotel in Chiado; vibrant jungle decor.,R. Capelo 5 1200-224 Lisboa,,,ChIJq5Q159p1GQ0RRzL7t8-o6Xg
Paris,A0244,France,Western Europe,Hotel,New luxury Paris hotel 2025,Le Grand Mazarin,Eclectic flamboyant luxury in the Marais with a pool; the place to be seen.,17 Rue de la Verrerie 75004 Paris,,"48.85740 N, 2.35590 E",
Budapest,A0059,Hungary,Central Europe,Attraction,Nighttime Sparty bath parties,Szechenyi Baths (Sparties),Nighttime 'Sparty' bath parties with laser shows and electronic music.,Állatkerti krt. 9-11 1146 Budapest[11],,,ChIJF7s5p-yLryMR7H013x2M9gM
Copenhagen,A0072,Denmark,Central Europe,Hotel,Outdoor food and harbor views.,Villa Copenhagen,New grand dame in the old Post Office; rooftop pool and sustainable luxury.,Tietgensgade 35-39 1704 København,,,ChIJL48b9PcUUEYR8H7vM0iQ60o
Rome,A0271,Italy,Southern Europe,Attraction,Peep through the secret keyhole,QC Termeroma,Luxury spa in ancient Trajan baths; sensory pools and wellness buffet.,Via Portuense 2178/a 00054 Fiumicino RM,,,ChIJF9oQJ6zYxkcRIz3W-015s4o
Amsterdam,A0006,Netherlands,Western Europe,Attraction,Play retro arcade games,TonTon Club,Retro arcade hall with Japanese food and craft beers.,Polonceaukade 27 1014 DA Amsterdam,,,ChIJ9112vDVMc0YRSz-HjWJdJ_w
Budapest,A0060,Hungary,Central Europe,Attraction,Play vintage pinball machines,Flipper Múzeum,Europe's largest pinball museum; playable vintage machines.,Radnóti Miklós u. 18 1137 Budapest[11],,,ChIJq55mJt9WVkYRW17rYl5YhBw
Milan,A0197,Italy,Southern Europe,Restaurants,Trippa,Trippa,Bold flavors and fried tripe in a trendy trattoria.,Via Giorgio Vasari 1 20135 Milano,[12],,ChIJL6bXbC-NhkcREw6P8o7kY7U
New York City,A0234,USA,Americas,Restaurants,Theodora,Theodora,Live fire and dry-aged fish in Fort Greene.,7 Greene Ave Brooklyn NY 11238,[20],,ChIJT03F_MhZwokR3F_B_0k64dE
New York City,A0235,USA,Americas,Restaurants,Tatiana by Kwame Onwuachi,Tatiana by Kwame Onwuachi,Afro-Caribbean cuisine in Lincoln Center.,10 Lincoln Center Plaza NY 10023,[20],,ChIJq5m3WqBZwokR4k5e8P610R0
Dublin,A0097,Ireland,Western Europe,Restaurants,Library Street,Library Street,Elevated sharing plates in a communal dining format.,101 Setanta Pl Dublin 2,[6][7],,
Edinburgh,A0110,UK,Western Europe,Restaurants,The Palmerston,The Palmerston,Inventive cooking and pastries in a grand former bank.,1 Palmerston Pl Edinburgh EH12 5AF,[8][9],,ChIJq5r4b5bHh0gRA5X1E9lF9sU
Edinburgh,A0111,UK,Western Europe,Restaurants,Elegant dining experience in Leith.,Eleanore,High-impact elegant flavors in Leith.,30-31 Albert Pl Edinburgh EH7 5HN,[8][9],,
Miami,A0184,USA,Americas,Restaurants,Daniel's Miami,Daniel's Miami,High-end steakhouse in Coral Gables.,1500 San Ignacio Ave Coral Gables FL 33146,[21],,ChIJF9oQfN2_2YgRz5y-f3dY1u4
Dakar,A0088,Senegal,Emerging & Eastern,Hotel,Boma Lifestyle Hotel,Boma Lifestyle Hotel,Peaceful escape with boutique and pool.,NGA 100 Route de l'Aeroport Dakar,[26],,ChIJq7U-z-W3uQ0RNW5gYt7XvC8
Dublin,A0089,Ireland,Western Europe,Museum,See Francis Bacon's Studio Archives,Hugh Lane Gallery,New Francis Bacon studio archives display for 2025.,Charlemont House Parnell Square N Dublin 1,,,
Marrakech,A0175,Morocco,Emerging & Eastern,Hotel,Kitula,Kitula,Lush riad resembling a greenhouse.,41 Derb Fhal Zefriti Marrakech,[25],,
Prague,A0264,Czech Republic,Central Europe,Restaurants,Savor modern Czech cuisine.,Výčep,Modern Czech pub food in Vinohrady.,Korunní 92 101 00 Praha 10,[17],,
Toronto,A0292,Canada,Americas,Museum,See KAWS art exhibition.,AGO (Art Gallery of Ontario),Hosting 'KAWS: FAMILY' exhibition in 2025; contemporary pop art.,317 Dundas St W Toronto ON M5T 1G4,,,ChIJq55mJt9WVkYRW17rYl5YhBw
Toronto,A0297,Canada,Americas,Attraction,See Kandinsky blockbuster in 2025.,Othership,Social bathhouse with guided sauna sessions and ice baths.,425 Adelaide St W Toronto ON M5V 3C1[15],,"43.64556 N, 79.39700 W",
Toronto,A0300,Canada,Americas,Restaurants,Dine on Michelin Italian cuisine.,Osteria Giulia,Michelin-starred Italian by Rob Rossi.,134 Avenue Rd Toronto ON M5R 2H6,[22],"43.67389 N, 79.39861 W",ChIJq55mJt9WVkYRW17rYl5YhBw
Vienna,A0308,Austria,Central Europe,Attraction,Thermalbad Vöslau,Thermalbad Vöslau,Day trip to historic mineral baths; 'Sommerfrische' atmosphere.,Maital 2 2540 Bad Vöslau,,,ChIJq55mJt9WVkYRW17rYl5YhBw
Vienna,A0312,Austria,Central Europe,Restaurants,Mraz und Sohn,Mraz und Sohn,Family-run avant-garde fine dining.,Wallensteinstraße 59 1200 Wien,[5],"48.2323 N, 16.3765 E",ChIJ9X08r-5Za0YREv960u7rKj0
Dakar,A0085,Senegal,Emerging & Eastern,Hotel,Relax at Terrou-Bi private beach.,Terrou-Bi,Luxury resort feeling near the city; renovated rooms and private beach.,Boulevard Martin Luther King Dakar[19],,,"=AI(""find the google_place_id of Terrou-Bi, Dakar."")"
Dakar,A0086,Senegal,Emerging & Eastern,Restaurants,Dinner and dancing at Seven Seven.,Seven Seven,Trendy steakhouse with lively DJ atmosphere.,Almadies Dakar,[26],,ChIJA2n_m_3NRA0RzV4y2Jp8X1U
Toronto,A0302,Canada,Americas,Restaurants,Aburi Hana,Aburi Hana,Kyoto-style Kaiseki dining in Yorkville.,102 Yorkville Ave Toronto ON M5R 1B9,[22],,
Toronto,A0303,Canada,Americas,Bar,Civil Liberties,Civil Liberties,Renowned bar with no menu bespoke cocktails.,232 Ossington Ave Toronto ON M6J 2Z9,,"43.6702 N, 79.3871 W",ChIJA2nQW9k0K4gRz-yS364iB8c
Edinburgh,A0114,UK,Western Europe,Restaurants,The Fishmarket,The Fishmarket,High-quality fish and chips at Newhaven harbour.,23A Pier Pl Edinburgh EH6 4LP,[8],,ChIJ9e5tFv8adkgR6YqN8Wc3tS4
Istanbul,A0126,Turkey,Emerging & Eastern,Bar,Listen to records at bar.,The Listening Room,Audiophile bar above Arkestra.,Dilhayat Sk. No:28 Etiler 34337,[24],,ChIJq55mJt9WVkYRW17rYl5YhBw
London,A0151,UK,Western Europe,Bar,Sip cocktails at a Bauhaus bar.,Bar with Shapes for a Name,Bauhaus-inspired cocktail bar in Dalston.,232 Kingsland Rd London E2 8AX,[2],"51.53759 N, 0.07663 W",ChIJ9e5-9c_JbEcR49p4UvXl9gM
London,A0152,UK,Western Europe,Bar,Kandinsky blockbuster at H'ART Museum,Soma,Indian-accented speakeasy in Soho.,14 Denman St London W1D 7HJ,[2],,ChIJF96lT6EadkgRj1gT35323xU
Miami,A0180,USA,Americas,Attraction,Superblue Miami,Superblue Miami,Immersive light and space art experience; 'Massless Clouds' installation.,1101 NW 23rd St Miami FL 33127,,,"=AI(""find the google_place_id of Superblue Miami, Miami."")"
Miami,A0181,USA,Americas,Attraction,Listen to vinyl at Dante's HiFi.,Dante's HiFi,Vinyl listening bar inspired by Japanese jazz kissaten; reservation only.,519 NW 26th St Miami FL 33127[13],,,ChIJL6-...
Barcelona,A0038,Spain,Southern Europe,Restaurants,Lluritu,Lluritu,Casual and stylish seafood tapas.,C/ de la Virtut 11 08012 Barcelona,[10],"41.40106 N, 2.15873 E","=AI(""find the google_place_id of Lluritu, Barcelona."")"
Barcelona,A0039,Spain,Southern Europe,Restaurants,Suru,Suru,Asian-Mediterranean fusion near Mercat del Ninot.,C/ de Casanova 158 08036 Barcelona,[10],"41.39167 N, 2.15286 E","=AI(""find the google_place_id of Suru, Barcelona"")"
Berlin,A0053,Germany,Central Europe,Restaurants,CODA Dessert Dining,CODA Dessert Dining,Dessert-only fine dining tasting menu.,Friedelstraße 47 12047 Berlin,[16][6],,Generating formulas is not supported. Please use the Gemini side panel instead.
Copenhagen,A0076,Denmark,Central Europe,Restaurants,Historic smørrebrød lunch at Schønnemann.,Schønnemann,Historic lunch spot for smørrebrød.,Hauser Pl. 16 1127 København,[18],,ChIJA2900gxeUEYRv4jM0094-aM
Copenhagen,A0077,Denmark,Central Europe,Restaurants,Reffen,Reffen,Street food market with harbor views.,Refshalevej 167A 1432 København,[18],,"ChIJJz4Xz5tPUEYRL7-XlE -->
ChIJJz4Xz5tPUEYRL7-XlE"
London,A0150,UK,Western Europe,Restaurants,Mountain,Mountain,Wood-fired Spanish grill in Soho by the Brat team.,16-18 Beak St London W1F 9RD,[2],"51.51441 N, 0.13840 W",ChIJL4H0F48HdkgR39M1v4Xv344
Toronto,A0293,Canada,Americas,Museum,Explore MOCA's industrial chic art.,MOCA Toronto,Museum of Contemporary Art in the Junction; industrial chic setting.,158 Sterling Rd Toronto ON M6R 2B7,,"43.65555° N, 79.44473° W",ChIJCw-H6W7T1IkROJ2Qo10Qe1Q
Toronto,A0294,Canada,Americas,Visits,Explore Toronto's vibrant Graffiti Alley.,Graffiti Alley,Vibrant kilometer-long stretch of street art in the Fashion District.,Rush Lane Toronto ON[15],,,ChIJq5m-9jM1K4gRV1D_pE21dF8
Vienna,A0306,Austria,Central Europe,Visits,Prater Amusement Park,Prater Amusement Park,Ride the historic Riesenrad Ferris wheel; featured in 'The Third Man'.,1020 Vienna,,,ChIJq5rT0hFbbUcRC7kR_n6XjQ4
Vienna,A0307,Austria,Central Europe,Visits,Naschmarkt on Saturday,Naschmarkt on Saturday,The flea market section opens up; hunt for antiques and Eat at NENI.,Wienzeile 1060 Wien,,"48.19840 N, 16.36690 E",ChIJq55mJt9WVkYRW17rYl5YhBw
Edinburgh,A0102,UK,Western Europe,Museum,Explore Cold War Scotland exhibition.,National Museum of Scotland,2025 Exhibition 'Cold War Scotland' exploring the nuclear age.,Chambers St Edinburgh EH1 1JF,,"55.94699 N, 3.18918 W",
Edinburgh,A0112,UK,Western Europe,Restaurants,Wait in line for pastries,Skua,Fine-dining fried chicken and cocktails.,49 St Stephen St Edinburgh EH3 5AH,[8][9],,ChIJF9oQpD9hLYgR09WlK8n8hFw
Madrid,A0163,Spain,Southern Europe,Restaurants,Fresh seafood lunch at market.,Mercado de la Cebada,Local market for fresh seafood lunch.,Pl. de la Cebada s/n 28005 Madrid,[11],"40.40866 N, 3.70880 W",ChIJF9-lS_pUUEYRCXmH9tK-o8Y
Madrid,A0164,Spain,Southern Europe,Restaurants,El Urogallo,El Urogallo,Lakeside dining in Casa de Campo.,P.º de la Prta del Ángel 12 28011 Madrid,[11],,
Milan,A0198,Italy,Southern Europe,Restaurants,Taste inventive pizza tasting menus.,Confine,Inventive pizzeria with tasting menus.,Piazza Guglielmo Miani 2 20141 Milano,[12],,ChIJF9-lX32GhkcRu0kR2mOqLzQ
Moscow,A0221,Russia,Emerging & Eastern,Restaurants,Dom 12,Dom 12,Local favorite in Patriarch’s Ponds for borscht.,Mansurovskiy Pereulok 12 Moscow,[3],,ChIJq55mJt9WVkYRW17rYl5YhBw
Moscow,A0222,Russia,Emerging & Eastern,Restaurants,Dr. Zhivago,Dr. Zhivago,Chic modern Russian dining near the Kremlin.,Mokhovaya St 15/1 Moscow,[3],,ChIJL2eA44i_SkYRW12W_nB0G-Q
Paris,A0243,France,Western Europe,Hotel,Stay in 70s retro design.,Hôtel Château d'Eau,New 2025 opening by the Touriste group; 70s inspired interiors by Necchi Architecture.,Rue du Château d'Eau 75010 Paris,,,ChIJQ4X_eW9_5kcR2D4sJmE3L0A
Prague,A0256,Czech Republic,Central Europe,Museum,Mucha Museum,Mucha Museum,Expanded collection for 2025 featuring the Slav Epic digital experience.,Panská 7 110 00 Nové Město,,"50.08436 N, 14.42758 E",ChIJq6D5M4tQC0cR1v37rV020gQ
Prague,A0257,Czech Republic,Central Europe,Visits,Vyšehrad,Vyšehrad,The 'other' castle; fewer tourists,stunning river views and cemetery.,V Pevnosti 159/5b 128 00 Praha 2,,ChIJu84n97nOxEcRdJpY1I_nF1M
Rome,A0275,Italy,Southern Europe,Restaurants,Dine on modern Roman foraging.,Retrobottega,Modern Roman dining with an open kitchen and foraging ethos.,Via della Stelletta 4 00186 Roma,[10],,ChIJq55mJt9WVkYRW17rYl5YhBw
Stockholm,A0287,Sweden,Central Europe,Hotel,Villa Dagmar,Villa Dagmar,Chic boutique hotel near Östermalms Saluhall; eclectic and vibrant.,Nybrogatan 25-27 114 39 Stockholm,,,
Stockholm,A0288,Sweden,Central Europe,Restaurants,Främmat,Främmat,French-Mediterranean dining with good vibes.,Dalagatan 54 113 24 Stockholm,[19],,
Stockholm,A0289,Sweden,Central Europe,Restaurants,Riche,Riche,Classic spot for Swedish meatballs.,Birger Jarlsgatan 4 114 34 Stockholm,[19],,ChIJL4980yYlX0YRVp68R9FzL8M
Stockholm,A0290,Sweden,Central Europe,Hotel,Radisson Collection Strand,Radisson Collection Strand,Historic hotel with waterfront views.,Nybrokajen 9 103 27 Stockholm,[19],,ChIJF9oQO0yOX0YRuJ2QG_vM5wY
Stockholm,A0291,Sweden,Central Europe,Activity,Spanish tapas at Uno Mas,Fotografiska,World-renowned photography museum.,Stadsgårdshamnen 22 116 45 Stockholm,[19],,
Lisbon,A0137,Portugal,Southern Europe,Hotel,Rooftop wine and Tagus views,Memmo Alfama,Boutique hotel with terrace views in Alfama.,Tv. das Merceeiras 27 1100-348 Lisboa,[14],"38.71113 N, 9.12933 W",ChIJAx42v15tJg0R0u8f65y15Hk
Milan,A0191,Italy,Southern Europe,Visits,Navigli Canals,Navigli Canals,Sunset aperitivo walk along the Ripa di Porta Ticinese.,Naviglio Grande Milano[4],,"45.4513 N, 9.1764 E",
Madrid,A0157,Spain,Southern Europe,Visits,"The current information is truncated, but based on the ""Visits"" category in Madrid, a descriptive title could be ""Explore El Rastro Market.""",El Rastro,The famous Sunday flea market; hunt for antiques in La Latina.,C. de la Ribera de Curtidores 28005 Madrid[3],,,
Edinburgh,A0113,UK,Western Europe,Bakery,Lannan,Lannan,Famous bakery with legendary queues.,29-35 Hamilton Pl Edinburgh EH3 5BA,[8],,
New York City,A0227,USA,Americas,Visits,Glass floor views high above NYC.,Summit One Vanderbilt,Multi-sensory observation deck with glass floors and mirror balloons.,45 E 42nd St NY 10017,,,ChIJQ_8Fw7NfwokR_6-W-4mS6t0
Vienna,A0304,Austria,Central Europe,Museum,Albertina Modern,Albertina Modern,Focusing on 'The Essl Collection' in 2025; contemporary Austrian art.,Karlsplatz 5 1010 Wien,,,ChIJ10nJ83lbbEcR84e9s6o1B9M
Rome,A0276,Italy,Southern Europe,Cafe,La Tazza d'Oro,La Tazza d'Oro,Legendary coffee bar famous for coffee granita.,Via degli Orfani 84 00186 Roma,[10],"41.89921 N, 12.47702 E",
Rome,A0277,Italy,Southern Europe,Restaurants,Explore a New City's Charms,Salumeria Roscioli,High-end deli and restaurant essential for carbonara.,Via dei Giubbonari 21 00186 Roma,[10],,ChIJL2k7c74oFxMR8T7Q_j_5h-g
New York City,A0230,USA,Americas,Hotel,Experience Maximalist Luxury in NoMad,The Fifth Avenue Hotel,Maximalist luxury in NoMad; Martin Brudnizki design opened late 2024.,250 5th Ave NY 10001,,,ChIJq5rM34pYwokRuM921_y5-Ew
New York City,A0231,USA,Americas,Hotel,Stay in a landmark hotel,Nine Orchard,Restored bank building in Dimes Square; old-world charm meets cool crowd.,9 Orchard St NY 10002,,"40.71536 N, 73.99124 W",
Istanbul,A0124,Turkey,Emerging & Eastern,Restaurants,Experience two-star Turkish tasting menu,Turk Fatih Tutak,Two Michelin-star tasting menu reinterpreting traditions.,Cumhuriyet Hacıahmet Silahşör Cad 34380 Şişli,[24],,
Vienna,A0305,Austria,Central Europe,Museum,See historical artist rivalries.,Kunsthistorisches Museum,Major 2025 exhibition 'Idols & Rivals' exploring historical artist rivalries.,Maria-Theresien-Platz 1010 Wien,,,
Montreal,A0208,Canada,Americas,Hotel,Enjoy Parisian Bistro ambiance.,Vogue Hotel Montreal,Freshly renovated curio collection; Parisian bistro vibe.,1425 Rue de la Montagne Montreal QC H3G 1Z3,,,
Montreal,A0209,Canada,Americas,Hotel,William Gray,William Gray,Luxury boutique hotel in Old Port.,421 Rue Saint-Vincent Montréal QC H2Y 3A6,[23],,
Montreal,A0212,Canada,Americas,Restaurants,Larry's,Larry's,Casual French café institution in Mile End.,9 Ave Fairmount E Montréal QC H2T 1E7,[23],,
Marrakech,A0174,Morocco,Emerging & Eastern,Restaurants,Dine atop the Marrakech Medina.,IZZA Rooftop,Chic rooftop dining in the Medina.,Medina Marrakech,[25],,
Madrid,A0162,Spain,Southern Europe,Activity,Cafetín La Quimera,Cafetín La Quimera,Authentic non-touristy flamenco tablao.,C. de Sancho Dávila 34 28028 Madrid,[11],,
Paris,A0247,France,Western Europe,Nightlife,Bambino,Bambino,Tokyo-style listening bar with natural wines and small plates.,25 Rue Saint-Sébastien 75011 Paris,[1],,ChIJL2Hk-4B45kcRdW9dK72x3-k
Paris,A0248,France,Western Europe,Restaurants,Les Enfants Rouges,Les Enfants Rouges,Acclaimed neo-bistro near the historic market.,9 Rue de Beauce 75003 Paris,[1],,
Dublin,A0098,Ireland,Western Europe,Restaurants,Chapter One,Chapter One,World-class fine dining by Mickael Viljanen.,18-19 Parnell Sq N Dublin 1,[6][7],,ChIJF9oQcE7WZEgRaM642k1fU-E
Dublin,A0099,Ireland,Western Europe,Bar,Note Wine Bar,Note Wine Bar,Bistro bites and natural wines in a mid-century setting.,26 Fenian St Dublin 2,[6][7],"53.34211 N, 6.24869 W",ChIJTzTzQ4sCZ0gR5vK8x-zLq6E
Paris,A0249,France,Western Europe,Cocktails,Chic literary Saint-Germain cocktails,Cravan,Chic literary-themed cocktail bar in Saint-Germain.,165 Blvd Saint-Germain 75006 Paris,[1],,
Paris,A0250,France,Western Europe,Restaurants,Eat falafel in Le Marais,L'As du Fallafel,Definitive falafel spot in the Marais.,34 Rue des Rosiers 75004 Paris,[1],,ChIJEy8r5fNu5kcRX2eQ7R-7j6M
Toronto,A0301,Canada,Americas,Restaurants,See Kandinsky at H'ART Museum,Alder,Wood-fired dining inside Ace Hotel Toronto.,51 Camden St Toronto ON M5V 1V2,[22],,
Paris,A0246,France,Western Europe,Restaurants,Le Petit Vendôme,Le Petit Vendôme,Institution famous for the best jambon-beurre sandwich in Paris.,8 Rue des Capucines 75002 Paris,[1],,ChIJq4mR76pY5kcRh9633lUvWdE
Paris,A0254,France,Western Europe,Restaurants,Enjoy small plates at Soma.,Soma,Stylish Japanese izakaya serving small plates.,13 Rue de Saintonge 75003 Paris,[1],,ChIJ99v2yHhY5kcR_V-mF6YQ99Y
Prague,A0255,Czech Republic,Central Europe,Museum,See Bohemia Art Exhibition 2025,Kunsthalle Praha,New art space in a converted electricity station; 'Bohemia' exhibit 2025.,Klárov 5 118 00 Malá Strana,,,"=AI(""find the google_place_id of Kunsthalle Praha, Prague."")"
Stockholm,A0284,Sweden,Central Europe,Attraction,Icebar Stockholm,Icebar Stockholm,The world's first permanent ice bar; -5°C year-round.,Vasaplan 4 111 20 Stockholm,,,ChIJq55mJt9WVkYRW17rYl5YhBw
Stockholm,A0285,Sweden,Central Europe,Attraction,Visit Tak rooftop attraction,Tak Rooftop,Huge rooftop park and bar complex; fusion of Japanese and Swedish culture.,Brunkebergstorg 4 111 51 Stockholm,,,
London,A0141,UK,Western Europe,Visits,Explore neon art wonderland.,God's Own Junkyard,A neon wonderland in Walthamstow; perfect for photography and gritty local vibes.,Unit 12 Ravenswood Industrial Estate London E17 9HQ,,,
Miami,A0178,USA,Americas,Visits,Spray your own graffiti tag,Wynwood Walls,Street art museum; book the 'Graffiti Experience' to spray your own tag.,2520 NW 2nd Ave Miami FL 33127[13],,,
Prague,A0261,Czech Republic,Central Europe,Hotel,Stay Art Nouveau high-tech.,The Julius Prague,New design-led aparthotel; high-tech meets Art Nouveau style.,Senovážné nám. 3 110 00 Nové Město,,,"=AI(""find the google_place_id of The Julius Prague, Prague."")"
Lisbon,A0127,Portugal,Southern Europe,Museum,Explore MAAT's Black Ancient Futures.,MAAT,Museum of Art Architecture & Technology; 2025 focus on 'Eco-Futures'.,Av. Brasília 1300-598 Lisboa,,"38.69741 N, 9.19502 W",ChIJq5m-eT6_Jg0RD_D1oP0gM_0
Prague,A0258,Czech Republic,Central Europe,Visits,Naplavka Farmers Market,Naplavka Farmers Market,Saturday morning riverside market; live music and local cider.,Rašínovo nábřeží 120 00 Praha 2,,"50.07078 N, 14.41413 E","=AI(""find the google_place_id of Naplavka Farmers Market, Prague."")"
Berlin,A0052,Germany,Central Europe,Restaurants,Eat Nikkei in graffiti setting.,893 Ryotei,Nikkei cuisine in a graffiti-covered setting.,Kantstraße 135 10625 Berlin,[16][6],,ChIJUYyVvSReUEYRCXmH9tK-o8Y
Barcelona,A0041,Spain,Southern Europe,Restaurants,Enjoy Asian cuisine and wine.,Mikan,North-East Asian cuisine with natural wines.,C/ d'Aribau 162 08036 Barcelona,[10],"41.39343 N, 2.15570 E",
Barcelona,A0035,Spain,Southern Europe,Hotel,Relax at Hoxton's Rooftop Taqueria,The Hoxton Poblenou,Trendy rooftop pool and taqueria in the tech district; new favorite.,Avinguda Diagonal 205 08018 Barcelona,,,
Milan,A0192,Italy,Southern Europe,Attraction,Spa in historic tram sauna.,QC Termemilano,Spa set in Spanish walls with a bio-sauna inside a historic tram.,Piazzale Medaglie d'Oro 2 20135 Milano[4],,,
Milan,A0193,Italy,Southern Europe,Attraction,Bar Luce,Bar Luce,Wes Anderson-designed cafe inside Fondazione Prada; retro pinball machines.,Largo Isarco 2 20139 Milano[5],,"45.44976 N, 9.17646 E",ChIJq55mJt9WVkYRW17rYl5YhBw
Barcelona,A0033,Spain,Southern Europe,Attraction,Relax in Born Arab Baths,Aire de Barcelona,Arab baths in the Born district; thermal circuits in a candlelit cavern.,Passeig de Picasso 22 08003 Barcelona,,"41.3850 N, 2.1818 E - north east",ChIJL01k-kOipxIRf7j47w5vB3Y
Copenhagen,A0070,Denmark,Central Europe,Attraction,Relax in historic thermal baths.,Aire Ancient Baths,Thermal baths in the Carlsberg district; opened in a historic brick brewery.,Ny Carlsberg Vej 101 1799 København,,,
Copenhagen,A0071,Denmark,Central Europe,Attraction,Eat street food by harbor,Reffen Street Food,Outdoor food market in shipping containers; DJs and harbour views.,Refshalevej 167A 1432 København,,,
Athens,A0022,Greece,Southern Europe,Hotel,Parthenon rooftop pool illusion.,The Dolli,New opening in Plaka; rooftop pool creates an optical illusion with the Parthenon.,Mitropoleos 49 105 56 Athina[6],,,"=AI(""find the google_place_id of The Dolli, Athens."")"
Barcelona,A0029,Spain,Southern Europe,Museum,See Banksy and NFT art,Moco Museum,Modern contemporary museum featuring new Banksy and NFT exhibits in 2025.,c/ de Montcada 25 08003 Barcelona,,"41.38531 N, 2.18182 E",
Rome,A0267,Italy,Southern Europe,Museum,See major Caravaggio exhibition 2025.,Palazzo Barberini,Hosting the major 'Caravaggio and the 17th Century' retrospective in 2025.,Via delle Quattro Fontane 13 00184 Roma,,"41.90361 N, 12.49028 E",
Rome,A0268,Italy,Southern Europe,Museum,MAXXI,MAXXI,Contemporary art museum featuring a Zaha Hadid tribute exhibition in 2025.,Via Guido Reni 4A 00196 Roma,,"41.92750 N, 12.47278 E",
Vienna,A0315,Austria,Central Europe,Restaurants,Eat quirky Bohemian cuisine.,Am Nordpol 3,Authentic Bohemian cuisine in a quirky setting.,Nordwestbahnstraße 17 1020 Wien,[5],,
Milan,A0188,Italy,Southern Europe,Museum,See contemporary art at Fondazione,Fondazione Prada,Hosting the 'Atlas' project in the haunted house tower; new 2025 cinema lineup.,Largo Isarco 2 20139 Milano,,,"=AI(""find the google_place_id of Fondazione Prada, Milan."")"
Milan,A0189,Italy,Southern Europe,Museum,See Escher's Optical Illusions,Mudec,Hosting 'Surrealism & Magic' exhibition in partnership with Guggenheim in 2025.,Via Tortona 56 20144 Milano,,"45.45260 N, 9.16788 E",ChIJL2x1fO-WhkcRD_n9Xk0c2wQ
Montreal,A0201,Canada,Americas,Museum,Compare O'Keeffe and Moore's Abstraction,Montreal Museum of Fine Arts,2025 exhibition 'O'Keeffe and Moore' comparing the two modernists.,1380 Sherbrooke St W Montreal QC H3G 1J5,,"45.49528 N, 73.57944 W",Generating formulas is not supported. Please use the Gemini side panel instead.
Montreal,A0202,Canada,Americas,Museum,Pointe-à-Callière,Pointe-à-Callière,Archaeology museum; 2025 show on 'The Incas' treasures.,350 Place Royale Montreal QC H2Y 3Y5,,,ChIJq55mJt9WVkYRW17rYl5YhBw
Milan,A0190,Italy,Southern Europe,Visits,See the Vertical Forest,Bosco Verticale,Walk through the Porta Nuova district to see the vertical forests.,Via Gaetano de Castillia 20124 Milano[4],,,ChIJq55mJt9WVkYRW17rYl5YhBw
Amsterdam,A0004,Netherlands,Western Europe,Visits,See giant water lilies bloom.,Hortus Botanicus,One of the oldest botanical gardens; seeing the giant water lilies in bloom.,Plantage Middenlaan 2a 1018 DD Amsterdam,,,
Athens,A0016,Greece,Southern Europe,Museum,See new Greek Modernism exhibit.,National Gallery,Newly renovated annex opening in 2025 featuring Greek Modernism.,Leof. Vasileos Konstantinou 50 116 34 Athina[6],,"59.3377° N, 18.0722° E",Generating formulas is not supported. Please use the Gemini side panel instead.
Berlin,A0043,Germany,Central Europe,Museum,See Josephine Baker exhibition,Neue Nationalgalerie,Hosting the 'Josephine Baker' icon exhibition in 2025.,Potsdamer Str. 50 10785 Berlin,,"52.50853 N, 13.36709 E",
New York City,A0236,USA,Americas,Bar,See Kandinsky Art in 2025,Double Chicken Please,Inventive food-inspired cocktails.,115 Allen St NY 10002,[20],,ChIJq55mJt9WVkYRW17rYl5YhBw
Amsterdam,A0002,Netherlands,Western Europe,Museum,See Kandinsky at H'ART Museum,H'ART Museum,Rebranded Hermitage; 2025 features a Kandinsky blockbuster collaboration.,Amstel 51 1018 EJ Amsterdam,,,ChIJ103zPswFdkgRsr2y9W7-XlE
Dakar,A0087,Senegal,Emerging & Eastern,Restaurants,Italian fine dining and wine.,Noliane,Italian fine dining with a wine bar.,Dakar,[26],"14.73323 N, 17.47217 W",ChIJEb61-46iRw4R5p992-5-u2c
Lisbon,A0135,Portugal,Southern Europe,Activity,See Kandinsky at H'ART Museum,Tram 28,Iconic tram ride through historic districts.,Lisbon,[14],,ChIJq55mJt9WVkYRW17rYl5YhBw
Lisbon,A0136,Portugal,Southern Europe,Restaurants,Cantina LX,Cantina LX,Wood-fired Portuguese food in LX Factory.,R. Rodrigues de Faria 103 1300-501 Lisboa,[15],"38.70322 N, 9.17604 W",ChIJ95Y9iGjXxkcRNx11778C2pE
Miami,A0186,USA,Americas,Restaurants,See Kandinsky at H'ART Museum,Si Papa at 3190,Lasagna-only speakeasy concept.,Coconut Grove Miami FL,[21],,"=AI(""find the google_place_id of Si Papa, 3190 Commodore Plaza, Miami, FL"")"
Miami,A0187,USA,Americas,Restaurants,Tina in the Gables,Tina in the Gables,Breakfast and cafe culture pioneer.,4700 S Le Jeune Rd Coral Gables FL 33146,[21],,ChIJL0vV66W22YgR7T0_2w4-hP0
Copenhagen,A0067,Denmark,Central Europe,Museum,See sustainable design in Copenhagen,Designmuseum Danmark,Reopened with 'The Future is Present' exhibition focusing on sustainable design.,Bredgade 68 1260 København,,,ChIJq55mJt9WVkYRW17rYl5YhBw
Barcelona,A0030,Spain,Southern Europe,Museum,See Miró Picasso Dialogue 2025,Miró Foundation,Celebrating 50 years in 2025 with a special 'Miró & Picasso' dialogue.,Parc de Montjuïc 08038 Barcelona,,"41.3687 N, 2.1601 E",ChIJ99p8G7DXxkcRY9h991873pU
Moscow,A0214,Russia,Emerging & Eastern,Museum,Explore Russian 20th-century art.,Tretyakov Gallery (New),Modernist wing; extensive collection of 20th-century Russian art.,Krymsky Val 10 119049 Moscow[20],,,
Moscow,A0215,Russia,Emerging & Eastern,Visits,Visit Moscow's Floating Bridge,Zaryadye Park,Futuristic park near Red Square; 'Floating Bridge' over the Moskva.,Varvarka Street 6 109012 Moscow[20],,,ChIJL6bX927NtUYR4-iT3qX137o
Athens,A0017,Greece,Southern Europe,Museum,See Picasso Retrospective at Museum,Goulandris Museum,Modern art museum in Pangrati; hosting a Picasso retrospective in 2025.,Eratosthenous 13 116 35 Athina[6],,,
Paris,A0237,France,Western Europe,Museum,See the Pompidou's Final Blockbuster,Centre Pompidou,Hosting the blockbuster 'Paris-New York' retrospective before its 5-year closure in late 2025.,Place Georges-Pompidou 75004 Paris,,"48.8606 N, 2.3522 E",ChIJQ4hL1GBy5kcR8k9b5l0v6c8
Paris,A0238,France,Western Europe,Museum,Film and Impressionism at Orsay.,Musée d'Orsay,Presents 'Cinema at Last!' exploring the dialogue between early film and Impressionism in 2025.,1 Rue de la Légion d'Honneur 75007 Paris,,"48.860 N, 2.327 E",ChIJ9_X70WpZSwYRQ9WjQ7V777M
New York City,A0225,USA,Americas,Museum,Experience Broadway's immersive history.,Museum of Broadway,New immersive museum detailing the history of NYC theater; interactive sets.,145 W 45th St NY 10036,,"40.75750 N, 73.98444 W",ChIJEzC76iFYwokR4Ym0l4Y-R-M
Budapest,A0058,Hungary,Central Europe,Visits,"See thinkers, enjoy Danube views",Philosophers' Garden,Quiet park with statues of world thinkers; great Danube views.,Sánc u. 3/a 1016 Budapest[10],,,ChIJE6E0e-i9oRMRbLdJq9i8uD8
Edinburgh,A0103,UK,Western Europe,Museum,See Tracey Emin's Sculptures,Jupiter Artland,Sculpture park hosting a 2025 residency by artist Tracey Emin.,Bonnington House Steadings Wilkieston Edinburgh EH27 8BY,,,
Dakar,A0079,Senegal,Emerging & Eastern,Museum,See West African traditional masks.,Théodore Monod African Art Museum,One of the oldest art museums in West Africa; traditional masks.,Place Emile Badiane Dakar[19],,,ChIJ9eC0N34XQzgR_1M2Y_Vj8Wc
Dakar,A0080,Senegal,Emerging & Eastern,Visits,Visit Pink Lake salt harvesters,Île de Ngor,Take a pirogue to this car-free artist island; surf and relax.,Ngor Island Dakar[19],,,
Miami,A0185,USA,Americas,Restaurants,Asian Caribbean smokehouse dining.,Shiso,Asian smokehouse with Caribbean soul in Wynwood.,239 NW 28th St Miami FL 33127,[21],,ChIJq55mJt9WVkYRW17rYl5YhBw
Amsterdam,A0001,Netherlands,Western Europe,Museum,See Vermeer's Legacy Exhibition 2025,Rijksmuseum,Hosting 'Vermeer's Legacy' in 2025; highlighting the golden age influence.,Museumstraat 1 1071 XX Amsterdam,,"52.359 N, 4.885 E",
Copenhagen,A0066,Denmark,Central Europe,Museum,See massive light art in 2025,Copenhagen Contemporary,Hosting 'Light & Space' installation art in 2025; massive industrial halls.,Refshalevej 173A 1432 København,,,"=AI(""find the google_place_id of Copenhagen Contemporary, Copenhagen."")"
Paris,A0240,France,Western Europe,Visits,Tour secret vineyard at harvest.,Montmartre Vineyard,Exclusive tours of the Clos Montmartre secret vineyard during the harvest season.,Rue des Saules 75018 Paris,,"48.88819 N, 2.33983 E",ChIJq7U9e-uH5kcR7P46e29tq9I
Paris,A0245,France,Western Europe,Restaurants,Authentic French dining near Louvre.,Brasserie du Louvre,Reliable brasserie steps from the museum avoiding tourist traps.,1 Place du Palais Royal 75001 Paris,[1],"48.86178 N, 2.33649 E",ChIJL_s98_Fz5kcRs_xS3fX-7g8
Istanbul,A0121,Turkey,Emerging & Eastern,Hotel,Explore Peninsula's waterfront gardens.,The Peninsula Istanbul,New ultra-luxury opening in Galataport; waterfront gardens.,Karaköy Kemankeş Karamustafa Paşa 34425 İstanbul[18],,,ChIJq55mJt9WVkYRW17rYl5YhBw
Amsterdam,A0009,Netherlands,Western Europe,Restaurants,Share Mediterranean-Turkish plates at Esra.,Esra,Mediterranean-Turkish sharing plates in Amsterdam Oost.,C. van Eesterenlaan 35 1019 JK Amsterdam,[3][4],,ChIJ9318qNnOyEcR8P24k6mK7hM
Berlin,A0047,Germany,Central Europe,Attraction,Sing karaoke in Berlin.,Monster Ronson's Ichiban Karaoke,Legendary karaoke bar with private booths; a Berlin nightlife staple.,Warschauer Str. 34 10243 Berlin,,"52.5066° N, 13.4475° E","=AI(""find the google_place_id of Monster Ronson's Ichiban Karaoke, Berlin."")"
Copenhagen,A0074,Denmark,Central Europe,Bakery,Sourdough breakfast at Rug Bakery,Rug Bakery,Sourdough bakery inside Villa Copenhagen.,Tietgensgade 35-39 1704 København,[18],,ChIJF78WJpJUUEYRI_Qf5R68UeM
Copenhagen,A0075,Denmark,Central Europe,Restaurants,Frankies Pizza,Frankies Pizza,High-energy sourdough pizza spot.,Allegade 2 2000 Frederiksberg,[18],,
Berlin,A0049,Germany,Central Europe,Hotel,Stay in converted design prison.,Wilmina Hotel,Converted women's prison and courthouse; serene gardens and design awards.,Kantstraße 79 10627 Berlin,,,ChIJ9e80e-i9oRMRbLdJq9i8uD8
Moscow,A0220,Russia,Emerging & Eastern,Hotel,Stay at Eco-friendly MOSS Hotel,MOSS Boutique Hotel,Eco-friendly design hotel in historic center; personalized concierge.,Krivokolennyy Pereulok 10 101000 Moscow[20],,"55.76442 N, 37.63695 E",
Prague,A0262,Czech Republic,Central Europe,Hotel,Stay at luxury Andaz hotel,Andaz Prague,Luxury lifestyle hotel in the historic Sugar Palace; opened recently.,Senovážné nám. 976/31 110 00 Nové Město,,,ChIJq7bH7lqZQ_wR7nJ0r955Vl8
Prague,A0263,Czech Republic,Central Europe,Restaurants,Enjoy contemporary dining and cocktails.,Alma,Farm-to-table complex with fermentation lab.,V Jirchářích 150/8 110 00 Nové Město,[17],,ChIJL2Ff6p-kC0cR5wJm_K6oD20
Dublin,A0095,Ireland,Western Europe,Hotel,Dine rooftop at Jean-Georges.,The Leinster,New luxury lifestyle hotel with the city's coolest rooftop restaurant 'Jean-Georges'.,Mount Street Lower Dublin 2,,,Generating formulas is not supported. Please use the Gemini side panel instead.
Dublin,A0096,Ireland,Western Europe,Hotel,New Dublin Hoxton Hotel opening,The Hoxton Dublin,Converting the Central Hotel; buzzy lobby culture opening in 2025.,Exchequer St Dublin 2,,,ChIJq7bH7pXNz4gR907-f-91Y1Y
Marrakech,A0171,Morocco,Emerging & Eastern,Hotel,Stay at Maison Brummell Hotel,Maison Brummell Majorelle,Design-forward boutique hotel next to YSL gardens; opened 2023/24.,7 Rue Yves Saint Laurent 40000 Marrakech,,"31.64096 N, 08.00407 W",
Marrakech,A0172,Morocco,Emerging & Eastern,Hotel,Luxury Riad Stay and Rooftop Views,El Fenn,The ultimate riad chic; expanded rooftop and pool facilities.,Derb Moulay Abdullah Ben Hezzian 2 40000 Marrakech,,,
Milan,A0195,Italy,Southern Europe,Hotel,Stay in historic style.,Radisson Collection Palazzo Touring,Stylish renovation of the historic Touring Club Italiano building.,Corso Italia 10 20122 Milano[5],,,"The Google Place ID for Radisson Collection Palazzo Touring, Milan. is ChIJn-r8jR5PikcRWd-L_U4L3Q0."
Milan,A0196,Italy,Southern Europe,Restaurants,Alba Pasta Bar,Alba Pasta Bar,Handmade pasta counter inside Mercato Isola.,Piazzale Lagosta 7 20159 Milano,[12],"45.46738 N, 9.18375 E","=AI(""find the google_place_id of Alba Pasta Bar, Milan."")"
Amsterdam,A0008,Netherlands,Western Europe,Hotel,Stay at Rosewood Palace.,Rosewood Amsterdam,Highly anticipated 2025 opening in the former Palace of Justice.,Prinsengracht 436 1017 KE Amsterdam,,"52.36444 N, 4.88600 E",
Athens,A0024,Greece,Southern Europe,Hotel,Stay at trendy Glyfada hotel.,Ace Hotel Athens,New trendy hotel in Glyfada with retro-cool design.,1 Artemisiou Glyfada 16675 Athens,[13],,ChIJ97H0N4x15kcR9_7qL2o2s10
Copenhagen,A0073,Denmark,Central Europe,Hotel,Quirky stay in former university,25hours Hotel Indre By,Quirky,colorful hotel in a former university building; 'Coming of Age' theme.,Pilestræde 65 1112 København,,ChIJ9e80e-i9oRMRbLdJq9i8uD8
Berlin,A0048,Germany,Central Europe,Hotel,Stay at chic art hotel.,Chateau Royal,New boutique hotel near Unter den Linden; art-focused and chic.,Mittelstraße 41 10117 Berlin,,,Generating formulas is not supported. Please use the Gemini side panel instead.
Milan,A0194,Italy,Southern Europe,Hotel,Dine in the grand piazza.,Portrait Milano,New opening in the former Archbishop's seminary; massive piazza and dining.,Corso Venezia 11 20121 Milano[5],,,"=AI(""find the google_place_id of Portrait Milano, Milan"")"
Amsterdam,A0007,Netherlands,Western Europe,Hotel,Stay in eclectic heritage hotel.,The Hoxton Lloyd,New opening in the Eastern Docklands; eclectic design in a heritage building.,Oostelijke Handelskade 34 1019 BN Amsterdam,,,ChIJ91l-u87PxkcRxk_8X6Q9v_U
Athens,A0018,Greece,Southern Europe,Visits,Sunset view from Lycabettus Hill,Anafiotika,Hidden island-style village beneath the Acropolis; whitewashed houses.,Plaka 105 58 Athens[7],,,ChIJ95wL3F8vQg0R1NnF7K_66_8
Athens,A0019,Greece,Southern Europe,Visits,Funicular sunset view of Athens,Lycabettus Hill,Take the funicular for the highest view of the city at sunset.,Aristippou 1 106 76 Athina[7],,"37.97778 N, 23.74167 E",ChIJ95Y9iGjHxkcRD-v3z-7d3E0
Prague,A0259,Czech Republic,Central Europe,Attraction,Beer Spa Bernard,Beer Spa Bernard,Soak in a tub of beer ingredients while drinking unlimited lager.,Týn 10 110 00 Staré Město,,,ChIJq55mJt9WVkYRW17rYl5YhBw
Prague,A0260,Czech Republic,Central Europe,Attraction,Underground ruin bar drinks,Vzorkovna (Dog Bar),Underground ruin bar maze; live jamming sessions and a resident Irish Wolfhound.,Národní 339/11 110 00 Staré Město,,,
Moscow,A0223,Russia,Emerging & Eastern,Activity,"The City, Establishment, and Description data for this row is missing.",Danilovsky Market,Sleek food hall with diverse stalls.,Mytnaya St 74 Moscow,[3],,ChIJq55mJt9WVkYRW17rYl5YhBw
New York City,A0224,USA,Americas,Museum,See the reimagined Rockefeller Wing,The Met,Opening the renovated Rockefeller Wing in 2025; Art of Africa and Oceania.,1000 5th Ave NY 10028,,,ChIJL2CjP3RYwokRqE7Q-i1nN-c
Montreal,A0204,Canada,Americas,Visits,"The current row (A205) is empty, so I cannot generate a title.

Here is an example for Amsterdam's first activity:
See Vermeer's Legacy",Lachine Canal,Rent a BIXI bike and ride the path to Atwater Market for lunch.,Lachine Canal Montreal QC[16],,"45.43306 N, 73.68083 W",
Montreal,A0205,Canada,Americas,Attraction,Immersive light show experience,Aura at Notre-Dame,Immersive light and sound show inside the basilica; visually stunning.,110 Notre-Dame St W Montreal QC H2Y 1T1[16],,"45.5034° N, 73.5592° W",ChIJQ_nF3TyQyUwRjX8T416Xm8c
London,A0144,UK,Western Europe,Hotel,Stay at celebrity haunt.,The Broadwick Soho,Maximalist glamour designed by Martin Brudnizki; the new celebrity haunt.,20 Broadwick St London W1F 8HT,,,ChIJE6R-mJ8adkgR6YpT8d20S1U
London,A0145,UK,Western Europe,Hotel,Stay at 1 Hotel Mayfair.,1 Hotel Mayfair,Sustainable luxury with a living wall facade; opened late 2024/2025.,3 Berkeley St London W1J 8DJ,,,ChIJL_B-V30bdkgR4T5F5Vf050E
Lisbon,A0128,Portugal,Southern Europe,Museum,Modern art and serene gardens.,Gulbenkian Museum,Modern collection re-hanging in 2025; extensive gardens for relaxing.,Av. de Berna 45A 1067-001 Lisboa,,,
Lisbon,A0129,Portugal,Southern Europe,Visits,Sunset view from highest hill,Miradouro da Senhora do Monte,The highest viewpoint in the city; less touristy than Santa Luzia.,Rua da Senhora do Monte 50 1170-361 Lisboa,,"38.718 N, 9.131 W",
Paris,A0242,France,Western Europe,Attraction,Noir Karaoke,Noir Karaoke,The chicest private karaoke rooms in Paris with art-deco interiors.,12 Rue de l'Échiquier 75010 Paris,,"48.8726 N, 2.3503 E","=AI(""find the google_place_id of Noir Karaoke, Paris."")"
Toronto,A0295,Canada,Americas,Visits,Toronto Islands,Toronto Islands,Take the ferry for skyline views; bike rental available on Centre Island.,Toronto Islands Toronto ON[15],,,ChIJT8wG3J4...
Toronto,A0296,Canada,Americas,Attraction,Explore Little Canada miniature East Coast.,Little Canada,Highly detailed miniature world attraction; new 'East Coast' section 2025.,10 Dundas St E Toronto ON M5B 2G9[15],,"43.65667 N, 79.38056 W",
Paris,A0239,France,Western Europe,Visits,Walk the blooming elevated park.,La Coulée Verte,The original elevated park walk; less crowded than the High Line and blooms in spring.,12th Arrondissement Paris,,"48.84944 N, 2.37167 E",ChIJF9T_bMhW5kcRO83B36p9S_0
Paris,A0252,France,Western Europe,Restaurants,Eat Eyal Shani's high-energy pitas.,Miznon,Celebrity Chef Eyal Shani's chaotic high-energy pita venue.,22 Rue des Ecouffes 75004 Paris,[1],"48.85764 N, 2.35928 E",ChIJF9oQ4XJ05kcRG27jB4o-e9A
Paris,A0253,France,Western Europe,Restaurants,Brutos,Brutos,Brazilian-influenced barbecue with natural wines.,5 Rue du Général Renault 75011 Paris,[1],,ChIJL68h7yZ_5kcR2D5m4h2E9fU
Vienna,A0313,Austria,Central Europe,Restaurants,Café Kandl,Café Kandl,Creative dining and gin bar in a Biedermeier courtyard.,Kandlgasse 12 1070 Wien,[5],,ChIJEb610F9abUcRPk2P6o_w4aI
Vienna,A0314,Austria,Central Europe,Restaurants,Dine on modern Viennese classics.,Lugeck,Modern take on classic Viennese schnitzel and tafelspitz.,Lugeck 4 1010 Wien,[5],"48.20917 N, 16.37446 E",ChIJ9d2Yv7hbbUcR_T86z9w0F8k
Miami,A0182,USA,Americas,Hotel,Relax at the huge pool deck.,The Elser Hotel,New luxury apartment-style hotel with huge pool deck in Downtown.,398 NE 5th St Miami FL 33132,,,ChIJq5rM3W2v2YgR-zW8qO5Q8gI
Miami,A0183,USA,Americas,Hotel,Arlo Wynwood,Arlo Wynwood,First hotel in the Wynwood district; rooftop pool and vibrant murals.,2217 NW Miami Ct Miami FL 33127,,,ChIJ9e5-9WbJxkcR53x5Q8D7u-I
Athens,A0027,Greece,Southern Europe,Bar,Try fruit fermentation cocktails,Line Athens,World-ranked bar making fruit fermentations.,Agathodaimonos 37 11853 Athens,[13],,
Vienna,A0311,Austria,Central Europe,Hotel,Rooftop bar church dome views.,Rosewood Vienna,Luxury opening in Petersplatz; rooftop bar offers best church dome views.,Petersplatz 7 1010 Wien,,,ChIJL2H2bWfEbUcR92N4G6U6YgQ
Lisbon,A0131,Portugal,Southern Europe,Attraction,Virtual reality bridge experience.,Pilar 7 Bridge Experience,Virtual reality tour inside the pillar of the 25 de Abril Bridge.,Av. da Índia 1349-028 Lisboa,,,ChIJF7sT6wDPxkYRM_5dK1Xk3_g
Lisbon,A0132,Portugal,Southern Europe,Attraction,Find the hidden speakeasy.,Red Frog Speakeasy,Hidden bar accessible by ringing a bell; voted Portugal's best cocktail bar.,Praça da Alegria 66b 1250-004 Lisboa,,,ChIJF7sT6T4_jg0RvR8vR8E_gB0
Rome,A0272,Italy,Southern Europe,Attraction,Experience neon noir cocktails.,Drink Kong,Blade Runner-inspired bar ranked in World's 50 Best; neon noir vibe.,Piazza di S. Martino Ai Monti 8 00154 Roma[2],,,ChIJq5Xn1f9nLxMRYv3s6f6qS_E
Barcelona,A0032,Spain,Southern Europe,Visits,Tour Gaudi's colorful first house,Casa Vicens,Gaudi's first house; less crowded and stunningly colorful architecture.,Carrer de les Carolines 20 08012 Barcelona,,,ChIJ9b5E18f1yUwRGv85FmG1-D0
London,A0138,UK,Western Europe,Museum,Visit London Design Museum,Design Museum,Hosting the massive 'World of Wes Anderson' exhibition starting mid-2025.,224-238 Kensington High St London W8 6AG,,"51.4925 N, 0.1989 W",ChIJhffeemdl6IgRcSa52Oq9sB8
Marrakech,A0166,Morocco,Emerging & Eastern,Museum,Explore Contemporary African Art,MACAAL,Museum of African Contemporary Art Al Maaden; cutting-edge African art.,Al Maaden Sidi Youssef Ben Ali 40000 Marrakech,,"31.54571 N, 7.97127 W",ChIJq55mJt9WVkYRW17rYl5YhBw
Marrakech,A0167,Morocco,Emerging & Eastern,Visits,Explore Secret Palace Gardens,Le Jardin Secret,Restored 19th-century palace complex with exotic and Islamic gardens.,121 Rue Mouassine 40030 Marrakech,,,
Rome,A0269,Italy,Southern Europe,Visits,Visit Nero's Golden Palace,Domus Aurea VR Tour,Visit Nero's Golden House with new Virtual Reality reconstruction goggles.,Via della Domus Aurea 1 00184 Roma,,,
Rome,A0270,Italy,Southern Europe,Visits,Peep through the secret keyhole,Keyhole of the Knights of Malta,Peep through the keyhole for a perfectly framed view of St. Peter's Basilica.,Piazza dei Cavalieri di Malta 3 00153 Roma,,,
Dakar,A0081,Senegal,Emerging & Eastern,Visits,Lighthouse bar and club,African Renaissance Monument,Taller than the Statue of Liberty; climb for city views.,Ouakam Dakar[19],,"14.72222 N, 17.49500 W",ChIJqS1c-u7jswsR7Xq75gX306w
Dakar,A0082,Senegal,Emerging & Eastern,Attraction,Visit Pink Lake salt harvesters,Pink Lake (Retba),Visit the salt harvesters; best seen during dry season for color.,Lake Retba Senegal[19],,,ChIJ9eFo-qA_4IgR-m8W44v2r_Q
Dakar,A0083,Senegal,Emerging & Eastern,Attraction,Bar at the lighthouse,Phare des Mamelles,Lighthouse with a trendy bar/club at the base; live music weekends.,Mamelles Dakar[19],,"14.7336° N, 17.5029° W","=AI(""find the google_place_id of Phare des Mamelles, Dakar."")"
Madrid,A0154,Spain,Southern Europe,Museum,See Five Centuries of Royal Art,Royal Collections Gallery,Newly opened massive museum displaying 5 centuries of royal art and tapestries.,C. de Bailén s/n 28071 Madrid,,,ChIJL_g9Q8bXQQ0R_p5-c_e0u5k
Stockholm,A0286,Sweden,Central Europe,Hotel,Ultimate 'home' boutique hotel stay.,Ett Hem,Expanded in 2024/25; the ultimate 'home' boutique hotel experience.,Sköldungagatan 2 114 27 Stockholm[9],,,
Budapest,A0057,Hungary,Central Europe,Visits,Visit the Gellért Hill Cave Church,Gellért Hill Cave Church,Unique church built inside a natural cave system; Pauline order.,Szent Gellért rkp. 1 1114 Budapest[10],,,
Vienna,A0309,Austria,Central Europe,Attraction,Visit the hidden bar,Krypt.bar,Underground jazz bar in a vaulted cellar; historic yet modern vibe.,Wasagasse 17 1090 Wien,,,
Vienna,A0310,Austria,Central Europe,Hotel,See Kandinsky blockbuster in 2025,The Hoxton Vienna,Opened 2024; mid-century design in a marble-clad modernist building.,Rudolf-Sallinger-Platz 1 1030 Wien,,"48.20815 N, 16.37255 E",ChIJTc2f7k8GZkgRTJm1qg1E3n4
Stockholm,A0281,Sweden,Central Europe,Museum,Visit the Hidden Waterfall.,Avicii Experience,Interactive tribute museum to the DJ; emotional and immersive.,Sergelgatan 2 111 57 Stockholm,,,
Stockholm,A0282,Sweden,Central Europe,Visits,Explore Stockholm Subway Art,Stockholm Subway Art Tour,Self-guided tour of the 'World's Longest Art Gallery' (Blue Line is best).,T-Centralen Stockholm,,,ChIJUW63u0HBX0YRWlV-bL4D94U
London,A0142,UK,Western Europe,Attraction,Explore Frameless Immersive Art Experience.,Frameless,The UK's largest immersive art experience; new 'Abstract' galleries added for 2025.,6 Marble Arch London W1H 7AP,,"51.51433 N, 0.15849 W",
London,A0143,UK,Western Europe,Attraction,Indulge in subterranean thermal baths.,Aire Ancient Baths,Subterranean thermal baths in a candlelit historic building near Covent Garden.,2-3 Robert St London WC2N 6BH,,,ChIJL_B-z3AadkgRGf1j6b8d2wY
Istanbul,A0115,Turkey,Emerging & Eastern,Museum,See Floating Islands 2025 exhibition.,Istanbul Modern,Newly opened Renzo Piano building; 2025 exhibition on 'Floating Islands'.,Kılıçali Paşa Tophane İskele Cd. No:1/1 34433 İstanbul,,,
Istanbul,A0116,Turkey,Emerging & Eastern,Museum,Arter,Arter,Contemporary art hub in Dolapdere; avant-garde installations.,Irmak Cd. No:13 34435 Beyoğlu/İstanbul,,,ChIJq3L-h7bJyEcRCt_S-y5oJ_0
Amsterdam,A0005,Netherlands,Western Europe,Attraction,Visit the WONDR Pink Beach,WONDR Experience,Interactive pop-up museum designed for digital natives; new 'Pink Beach' section.,Meeuwenlaan 88 1021 JK Amsterdam,,,Generating formulas is not supported. Please use the Gemini side panel instead.
Miami,A0179,USA,Americas,Visits,Visit Vizcaya's historic villa gardens.,Vizcaya Museum and Gardens,Italian Renaissance-style villa on Biscayne Bay; mangrove shoreline.,3251 S Miami Ave Miami FL 33129[14],,,
Marrakech,A0165,Morocco,Emerging & Eastern,Museum,See YSL's special textile exhibit.,Yves Saint Laurent Museum,Dedicated to the designer's work; 2025 special textile exhibit.,Rue Yves Saint Laurent 40000 Marrakech,,,
Toronto,A0298,Canada,Americas,Hotel,Stay and dine at Alder.,Ace Hotel Toronto,New build with retro-future design; Alder restaurant is a hotspot.,51 Camden St Toronto ON M5V 1V2,,,
Toronto,A0299,Canada,Americas,Hotel,Skylight rooftop bar scene.,W Toronto,Yorkville's cool new spot; 'Skylight' rooftop bar is a scene.,90 Bloor St E Toronto ON M4W 1A7,,,
Istanbul,A0117,Turkey,Emerging & Eastern,Visits,Walk Balat's Colorful Streets,Balat District,Walk the colorful streets of the old Jewish quarter; hip cafes and antiques.,Balat 34087 Fatih/İstanbul[17],,,ChIJ12e4tCjLyEcRSj9_T6VqYl0
Istanbul,A0118,Turkey,Emerging & Eastern,Visits,Cross-continent street food market.,Bosphorus Ferry to Kadıköy,Cross continents for the best street food market on the Asian side.,Kadıköy İskelesi İstanbul[17],,,
Edinburgh,A0104,UK,Western Europe,Visits,Walk Edinburgh's fairytale mill village.,Dean Village Walk,A 19th-century mill village along the Water of Leith; distinct fairytale architecture.,Dean Path Edinburgh EH4 3AY[1],,"55.95200 N, 3.22010 W",ChIJq75QeW-hgleR312WwB38Ym8
Edinburgh,A0105,UK,Western Europe,Visits,Sunset views from Calton Hill,Calton Hill at Sunset,The best vantage point for the skyline; features the unfinished 'National Monument'.,Calton Hill Edinburgh EH7 5AA[1],,,ChIJq0X3WwEoxkcRz896z74t1jI
Dublin,A0092,Ireland,Western Europe,Visits,Bracing walk to red lighthouse.,Poolbeg Lighthouse Walk,A bracing walk out into Dublin Bay for the iconic red lighthouse.,Great S Wall Dublin,,,ChIJL2W_z33iZ0gRp21hM0N42Hw
Dublin,A0093,Ireland,Western Europe,Attraction,Explore the area.,Windmill Lane Recording Studios,Tour the studio where U2 recorded 'The Joshua Tree'.,20 Ringsend Rd Dublin 4,,,
Edinburgh,A0106,UK,Western Europe,Attraction,Enjoy rooftop whisky experience.,Johnnie Walker Princes Street,Eight-floor whisky experience with a 1820 rooftop bar; booking essential.,145 Princes St Edinburgh EH2 4BL[1],,,ChIJ9e5tFv8adkgR6YqN8Wc3tS4
Edinburgh,A0107,UK,Western Europe,Attraction,Magic escape room and cocktails.,Department of Magic,Escape room and magic potion cocktail making class in the Old Town.,9 Blair St Edinburgh EH1 1QR[1],,"55.94966° N, 3.19011° W",ChIJF9oQp2s_jUMR6n_lY98F8iY
Amsterdam,A0013,Netherlands,Western Europe,Restaurants,Wine tasting at Vermeer's,Kim's So Korean Food,Korean fried chicken and lunar-themed decor in Oost.,Linnaeusstraat 35F 1093 EE Amsterdam,[3][4],"52.35987 N, 4.93883 E",
Athens,A0026,Greece,Southern Europe,Restaurants,World-ranked bar ferments fruit.,Merceri,Female-run fine dining bistro in Thiseio.,Herakleidon 21 11851 Athens,[13],"37.97902 N, 23.71966 E",ChIJ99p8G7DXxkcRY9h991873pU